"","tag_code_or_release_id","tag_type","species","run","brood_year","first_release_date","last_release_date","release_location_code","hatchery_location_code","stock_location_code","release_stage","rearing_type","study_type","release_strategy","avg_weight","avg_length","study_integrity","cwt_1st_mark","cwt_1st_mark_count","cwt_2nd_mark","cwt_2nd_mark_count","non_cwt_1st_mark","non_cwt_1st_mark_count","non_cwt_2nd_mark","non_cwt_2nd_mark_count","counting_method","tag_loss_rate","tag_loss_days","tag_loss_sample_size","tag_reused","comments","release_location_name","hatchery_location_name","stock_location_name","record_origin","tagged_adclipped","tagged_unclipped","untagged_adclipped","untagged_unclipped","untagged_unknown"
"1","!03NOCN0974",NA,1,1,2009,2010-05-27,2010-05-27,"2FS  TOMMR0253","2FS  TOMMH0160","2FS  TOMMS0253","F","H","P","",1.44,50,"N",NA,NA,NA,NA,0,5620,NA,NA,"B",NA,NA,NA,NA,"","R-Nicola R","H-Spius Creek H","S-Nicola R","N",0,0,0,5620,0
"2","184182",12,1,1,2015,2017-04-20,2017-04-20,"2FS  TOMMR0253","2FS  TOMMH0160","2FS  TOMMS0253","Y","H","P","FR",NA,NA,"N",5000,52224,NA,NA,5000,5424,NA,NA,"B",0.0941,NA,NA,NA,"","R-Nicola R","H-Spius Creek H","S-Nicola R","N",52224,0,5424,0,0
"5","025518",0,1,1,1988,1989-04-01,1989-04-17,"2FS  TOMMR0253","2FS  TOMMH0160","2FS  TOMMS0253","S","H","B","",5,77,"N",5000,51138,NA,NA,5000,154,NA,NA,"",0.003,1,NA,NA,"IMPRINT","R-Nicola R","H-Spius Creek H","S-Nicola R","N",51138,0,154,0,0
"6","025738",0,1,1,1988,1989-04-01,1989-04-17,"2FS  TOMMR0253","2FS  TOMMH0160","2FS  TOMMS0253","S","H","P","",5.5,78,"N",5000,26095,NA,NA,0,45568,5000,235,"",0.0089,1,NA,NA,"CONTROL FOR IMPRINT GROUP","R-Nicola R","H-Spius Creek H","S-Nicola R","N",26095,0,235,45568,0
"7","181582",12,1,1,2009,2011-04-28,2011-04-29,"2FS  TOMMR0253","2FS  TOMMH0160","2FS  TOMMS0253","Y","H","P","FR",18.64,118,"N",5000,54056,NA,NA,0,2457,5000,1672,"B",0.03,30,327,NA,"","R-Nicola R","H-Spius Creek H","S-Nicola R","N",54056,0,1672,2457,0
"9","!03NOCN1251",NA,1,1,2012,2013-06-07,2013-06-13,"2FS  TOMMR0253","2FS  TOMMH0160","2FS  TOMMS0253","F","H","P","FR",1.8,53,"N",NA,NA,NA,NA,0,39950,NA,NA,"B",NA,NA,NA,NA,"","R-Nicola R","H-Spius Creek H","S-Nicola R","N",0,0,0,39950,0
"18","180853",0,1,1,1992,1993-06-01,1993-06-29,"2FS  TOMMR0253","2FS  TOMMH0160","2FS  TOMMS0253","S","H","P","",4.1,70,"N",5000,75560,NA,NA,0,37887,5000,763,"W",0.01,1,300,NA,"TIME OF RELEASE-POST FRESHET","R-Nicola R","H-Spius Creek H","S-Nicola R","N",75560,0,763,37887,0
"23","180990",12,1,1,2008,2010-04-10,2010-04-20,"2FS  TOMMR0253","2FS  TOMMH0160","2FS  TOMMS0253","Y","H","P","",17.25,113,"N",5000,24448,NA,NA,5000,862,NA,NA,"W",0.0353,30,820,NA,"","R-Nicola R","H-Spius Creek H","S-Nicola R","N",24448,0,862,0,0
"24","023730",0,1,1,1985,1986-09-01,1986-09-12,"2FS  TOMMR0253","2FS  TOMMH0160","2FS  TOMMS0253","F","H","B","",6.1,NA,"N",5000,75240,NA,NA,0,33210,5000,760,"",0.01,1,NA,NA,"TIME OF RELEASE: FALL","R-Nicola R","H-Spius Creek H","S-Nicola R","N",75240,0,760,33210,0
"25","!03NOCN0776",NA,1,1,2007,2008-06-19,2008-06-20,"2FS  TOMMR0253","2FS  TOMMH0160","2FS  TOMMS0253","F","H","B","",3.55,66,"N",NA,NA,NA,NA,0,62268,NA,NA,"B",NA,NA,NA,NA,"RELEASED OVER 30 KM.","R-Nicola R","H-Spius Creek H","S-Nicola R","N",0,0,0,62268,0
"28","!03NOCN1144",NA,1,1,2011,2012-05-20,2012-05-20,"2FS  TOMMR0253","2FS  TOMMH0160","2FS  TOMMS0253","F","H","P","FR",1.93,53,"N",NA,NA,NA,NA,0,8098,NA,NA,"W",NA,NA,NA,NA,"","R-Nicola R","H-Spius Creek H","S-Nicola R","N",0,0,0,8098,0
"29","!03NOCN1145",NA,1,1,2011,2012-06-15,2012-06-15,"2FS  TOMMR0253","2FS  TOMMH0160","2FS  TOMMS0253","F","H","P","FR",3.52,66,"N",NA,NA,NA,NA,0,8098,NA,NA,"W",NA,NA,NA,NA,"","R-Nicola R","H-Spius Creek H","S-Nicola R","N",0,0,0,8098,0
"33","022822",0,1,1,1984,1985-04-09,1985-04-13,"2FS  TOMMR0253","2FS  TOMMH0160","2FS  TOMMS0253","S","H","P","",5.6,NA,"N",5000,36817,NA,NA,0,10233,5000,511,"",0.0137,1,NA,NA,"CONTROL FOR IMPRINT GROUP","R-Nicola R","H-Spius Creek H","S-Nicola R","N",36817,0,511,10233,0
"34","021556",0,1,1,1990,1991-07-09,1991-07-11,"2FS  TOMMR0253","2FS  TOMMH0160","2FS  TOMMS0253","S","H","B","",17.5,115,"N",5000,71278,NA,NA,0,60397,5000,2275,"W",0.0309,21,2000,NA,"TIME OF RELEASE: EXPERIMENTAL JULY RELEASE","R-Nicola R","H-Spius Creek H","S-Nicola R","N",71278,0,2275,60397,0
"36","025547",9,1,1,1987,1988-09-13,1988-09-14,"2FS  TOMMR0253","2FS  TOMMH0160","2FS  TOMMS0253","F","H","B","",6.3,90,"N",5000,75624,NA,NA,0,33982,5000,228,"W",0.003,1,NA,NA,"TIME OF RELEASE-FALL","R-Nicola R","H-Spius Creek H","S-Nicola R","N",75624,0,228,33982,0
"38","024562",0,1,1,1986,1987-09-08,1987-09-15,"2FS  TOMMR0253","2FS  TOMMH0160","2FS  TOMMS0253","F","H","B","",9.6,NA,"N",5000,30322,NA,NA,0,10684,5000,618,"",0.02,1,NA,NA,"","R-Nicola R","H-Spius Creek H","S-Nicola R","N",30322,0,618,10684,0
"40","025431",0,1,1,1987,1989-03-10,1989-03-31,"2FS  TOMMR0253","2FS  TOMMH0160","2FS  TOMMS0253","Y","H","B","",18,112,"N",5000,23561,NA,NA,0,11309,NA,NA,"W",NA,1,NA,NA,"TIME OF RELEASE: YEARLING","R-Nicola R","H-Spius Creek H","S-Nicola R","N",23561,0,0,11309,0
"41","182390",12,1,1,2011,2013-04-18,2013-04-19,"2FS  TOMMR0253","2FS  TOMMH0160","2FS  TOMMS0253","Y","H","P","FR",17.27,113,"N",5000,53536,NA,NA,5000,1732,NA,NA,"B",0.0313,202,1021,NA,"","R-Nicola R","H-Spius Creek H","S-Nicola R","N",53536,0,1732,0,0
"42","182391",12,1,1,2011,2013-04-22,2013-04-22,"2FS  TOMMR0253","2FS  TOMMH0160","2FS  TOMMS0253","Y","H","P","FR",17.67,114,"N",5000,53828,NA,NA,5000,1244,NA,NA,"B",0.0226,201,841,NA,"","R-Nicola R","H-Spius Creek H","S-Nicola R","N",53828,0,1244,0,0
"43","180576",12,1,1,2010,2012-04-19,2012-04-24,"2FS  TOMMR0253","2FS  TOMMH0160","2FS  TOMMS0253","Y","H","P","FR",14.3,107,"N",5000,7724,NA,NA,0,863,5000,164,"B",0.021,NA,NA,NA,"","R-Nicola R","H-Spius Creek H","S-Nicola R","N",7724,0,164,863,0
"44","181693",12,1,1,2011,2013-04-24,2013-04-24,"2FS  TOMMR0253","2FS  TOMMH0160","2FS  TOMMS0253","Y","H","P","FR",18.19,115,"N",5000,12279,NA,NA,5000,103,NA,NA,"B",0.0083,194,960,NA,"","R-Nicola R","H-Spius Creek H","S-Nicola R","N",12279,0,103,0,0
"45","182216",0,1,1,1999,2001-04-26,2001-05-27,"2FS  TOMMR0253","2FS  TOMMH0160","2FS  TOMMS0253","Y","H","P","",14.76,108,"N",5000,25704,NA,NA,0,14477,5000,260,"W",0.01,30,300,NA,"EXTENDED REARING. SEE ALSO 182217/18.","R-Nicola R","H-Spius Creek H","S-Nicola R","N",25704,0,260,14477,0
"46","182218",0,1,1,1999,2001-04-26,2001-04-27,"2FS  TOMMR0253","2FS  TOMMH0160","2FS  TOMMS0253","Y","H","P","",14.76,108,"N",5000,24084,NA,NA,0,52660,5000,243,"W",0.01,30,200,NA,"EXTENDED REARING. SEE ALSO 182216/17.","R-Nicola R","H-Spius Creek H","S-Nicola R","N",24084,0,243,52660,0
"47","025163",0,1,1,1987,1988-04-05,1988-05-02,"2FS  TOMMR0253","2FS  TOMMH0160","2FS  TOMMS0253","S","H","P","",5.4,67,"N",5000,24107,NA,NA,0,71698,5000,669,"W",0.027,1,NA,NA,"TIME OF RELEASE-NORMAL SPRING","R-Nicola R","H-Spius Creek H","S-Nicola R","N",24107,0,669,71698,0
"50","025202",0,1,1,1987,1988-04-05,1988-05-02,"2FS  TOMMR0253","2FS  TOMMH0160","2FS  TOMMS0253","S","H","P","",5.4,67,"N",5000,22654,NA,NA,0,67377,5000,91,"W",0.004,1,NA,NA,"TIME OF RELEASE-NORMAL SPRING RELEASE","R-Nicola R","H-Spius Creek H","S-Nicola R","N",22654,0,91,67377,0
"52","182793",12,1,1,2014,2016-04-19,2016-04-21,"2FS  TOMMR0253","2FS  TOMMH0160","2FS  TOMMS0253","Y","H","P","FR",14.96,NA,"N",5000,43413,NA,NA,5000,1966,NA,NA,"B",0.0433,190,300,NA,"","R-Nicola R","H-Spius Creek H","S-Nicola R","N",43413,0,1966,0,0
"53","181952",0,1,1,1994,1996-05-06,1996-05-08,"2FS  TOMMR0253","2FS  TOMMH0160","2FS  TOMMS0253","Y","H","P","",13.6,108,"N",5000,48208,NA,NA,0,44590,5000,487,"W",0.01,1,500,NA,"YEARLING RELEASE","R-Nicola R","H-Spius Creek H","S-Nicola R","N",48208,0,487,44590,0
"55","184724",12,1,1,2000,2002-04-15,2002-04-17,"2FS  TOMMR0253","2FS  TOMMH0160","2FS  TOMMS0253","Y","H","P","",13.26,107,"N",5000,23267,NA,NA,0,25968,5000,475,"B",0.02,30,300,NA,"SEE ALSO 1847 22 & 23. SCATTER RELEASED FROM DAM TO SUNSHINE VALLEY RD EAST.","R-Nicola R","H-Spius Creek H","S-Nicola R","N",23267,0,475,25968,0
"56","183862",0,1,1,1997,1999-04-21,1999-04-22,"2FS  TOMMR0253","2FS  TOMMH0160","2FS  TOMMS0253","Y","H","P","",14.9,109,"N",5000,45370,NA,NA,0,37234,5000,1137,"B",0.0244,NA,NA,NA,"HIGH DENSITY REARED. SEE 183863-LOW DENSITY","R-Nicola R","H-Spius Creek H","S-Nicola R","N",45370,0,1137,37234,0
"57","183863",0,1,1,1997,1999-04-21,1999-04-22,"2FS  TOMMR0253","2FS  TOMMH0160","2FS  TOMMS0253","Y","H","P","",19.8,119,"N",5000,43112,NA,NA,0,14504,5000,1105,"B",0.025,NA,NA,NA,"LOW DENSITY REARED-SEE 183862-HIGH DENSITY","R-Nicola R","H-Spius Creek H","S-Nicola R","N",43112,0,1105,14504,0
"58","183472",12,1,1,2012,2014-04-22,2014-04-23,"2FS  TOMMR0253","2FS  TOMMH0160","2FS  TOMMS0253","Y","H","P","FR",14.08,108,"N",5000,56161,NA,NA,0,7579,5000,459,"B",0.0081,197,1113,NA,"","R-Nicola R","H-Spius Creek H","S-Nicola R","N",56161,0,459,7579,0
"61","184596",12,1,1,2016,2018-05-01,2018-05-03,"2FS  TOMMR0253","2FS  TOMMH0160","2FS  TOMMS0253","Y","H","P","FR",17.5,113,"N",5000,45413,NA,NA,5000,963,NA,NA,"B",0.0208,180,3130,NA,"","R-Nicola R","H-Spius Creek H","S-Nicola R","N",45413,0,963,0,0
"62","184597",12,1,1,2016,2018-05-01,2018-05-03,"2FS  TOMMR0253","2FS  TOMMH0160","2FS  TOMMS0253","Y","H","P","FR",17.5,113,"N",5000,43760,NA,NA,5000,928,NA,NA,"B",0.0208,180,3130,NA,"","R-Nicola R","H-Spius Creek H","S-Nicola R","N",43760,0,928,0,0
"63","185196",12,1,1,2016,2018-05-01,2018-05-03,"2FS  TOMMR0253","2FS  TOMMH0160","2FS  TOMMS0253","Y","H","P","FR",17.5,113,"N",5000,9602,NA,NA,5000,204,NA,NA,"B",0.0208,NA,NA,NA,"","R-Nicola R","H-Spius Creek H","S-Nicola R","N",9602,0,204,0,0
"64","185201",12,1,1,2001,2003-04-23,2003-04-24,"2FS  TOMMR0253","2FS  TOMMH0160","2FS  TOMMS0253","Y","H","P","",11.68,103,"N",5000,25471,NA,NA,0,23700,5000,362,"B",0.014,30,300,NA,"SEE ALSO 185202 & 185203.","R-Nicola R","H-Spius Creek H","S-Nicola R","N",25471,0,362,23700,0
"65","185202",12,1,1,2001,2003-04-23,2003-04-25,"2FS  TOMMR0253","2FS  TOMMH0160","2FS  TOMMS0253","Y","H","P","",12.06,104,"N",5000,28331,NA,NA,0,44371,5000,200,"B",0.007,30,300,NA,"SEE ALSO 185201 & 185203.","R-Nicola R","H-Spius Creek H","S-Nicola R","N",28331,0,200,44371,0
"66","185203",12,1,1,2001,2003-04-24,2003-04-25,"2FS  TOMMR0253","2FS  TOMMH0160","2FS  TOMMS0253","Y","H","P","",12.3,105,"N",5000,27753,NA,NA,0,20670,5000,280,"B",0.01,30,300,NA,"SEE ALSO 185201 & 185202.","R-Nicola R","H-Spius Creek H","S-Nicola R","N",27753,0,280,20670,0
"67","!03NOCN1731",NA,1,1,2017,2018-05-25,2018-05-25,"2FS  TOMMR6276","2FS  TOMMH0160","2FS  TOMMS0253","F","H","P","FR",1.22,NA,"N",NA,NA,NA,NA,0,2492,NA,NA,"W",NA,NA,NA,NA,"","R-Spahomin Cr","H-Spius Creek H","S-Nicola R","N",0,0,0,2492,0
"69","!03NOCN03110",NA,1,1,2003,2004-06-08,2004-06-09,"2FS  TOMMR0253","2FS  TOMMH0160","2FS  TOMMS0253","F","H","B","",1.2,48,"N",NA,NA,NA,NA,0,23971,NA,NA,"W",NA,NA,NA,NA,"RELEASED DOWNSTREAM OF SPIUS CR CONFLUENCE.","R-Nicola R","H-Spius Creek H","S-Nicola R","N",0,0,0,23971,0
"74","181248",0,1,1,2011,2013-04-23,2013-04-23,"2FS  TOMMR0253","2FS  TOMMH0160","2FS  TOMMS0253","Y","H","P","FR",18.33,116,"N",5000,10217,NA,NA,5000,257,NA,NA,"B",0.0246,195,855,NA,"","R-Nicola R","H-Spius Creek H","S-Nicola R","N",10217,0,257,0,0
"76","182129",0,1,1,1998,2000-04-25,2000-04-26,"2FS  TOMMR0253","2FS  TOMMH0160","2FS  TOMMS0253","Y","H","P","",20.24,120,"N",5000,21458,NA,NA,0,13191,5000,177,"W",0.0082,30,300,NA,"EXTENDED REARING. SEE ALSO 182128","R-Nicola R","H-Spius Creek H","S-Nicola R","N",21458,0,177,13191,0
"77","181899",12,1,1,2013,2015-04-20,2015-04-22,"2FS  TOMMR0253","2FS  TOMMH0160","2FS  TOMMS0253","Y","H","B","MX",16.92,114,"N",5000,11893,NA,NA,0,523,5000,240,"W",0.0198,400,1113,NA,"","R-Nicola R","H-Spius Creek H","S-Nicola R","N",11893,0,240,523,0
"82","181364",12,1,1,2009,2011-04-26,2011-04-29,"2FS  TOMMR0253","2FS  TOMMH0160","2FS  TOMMS0253","Y","H","P","FR",18.27,118,"N",5000,34033,NA,NA,5000,2415,0,0,"B",0.066,30,334,NA,"","R-Nicola R","H-Spius Creek H","S-Nicola R","N",34033,0,2415,0,0
"85","181918",0,1,1,2010,2012-04-19,2012-04-24,"2FS  TOMMR0253","2FS  TOMMH0160","2FS  TOMMS0253","Y","H","P","FR",14.3,107,"N",5000,8870,NA,NA,0,209,5000,101,"B",0.011,NA,NA,NA,"BKD in this release group","R-Nicola R","H-Spius Creek H","S-Nicola R","N",8870,0,101,209,0
"88","181692",12,1,1,2010,2012-04-19,2012-04-24,"2FS  TOMMR0253","2FS  TOMMH0160","2FS  TOMMS0253","Y","H","P","FR",14.3,107,"N",5000,20617,NA,NA,0,362,5000,348,"B",0.0166,NA,NA,NA,"BKD was present in this release group.","R-Nicola R","H-Spius Creek H","S-Nicola R","N",20617,0,348,362,0
"90","020416",0,1,1,1989,1990-04-25,1990-04-26,"2FS  TOMMR0253","2FS  TOMMH0160","2FS  TOMMS0253","S","H","P","",6.2,83,"N",5000,24861,NA,NA,0,39231,5000,277,"W",0.011,1,200,NA,"TIME OF RELEASE-NORMAL. SEE ALSO 020353, 020417.","R-Nicola R","H-Spius Creek H","S-Nicola R","N",24861,0,277,39231,0
"94","181774",12,1,1,2011,2013-04-24,2013-04-24,"2FS  TOMMR0253","2FS  TOMMH0160","2FS  TOMMS0253","Y","H","P","FR",18.19,116,"N",5000,39364,NA,NA,0,1246,5000,331,"B",0.0083,194,960,NA,"","R-Nicola R","H-Spius Creek H","S-Nicola R","N",39364,0,331,1246,0
"95","!03NOCN0045",NA,1,1,2000,2001-05-29,2001-05-29,"2FS  TOMMR6276","2FS  TOMMH0160","2FS  TOMMS0253","F","H","B","",1.17,46,"N",NA,NA,NA,NA,0,20025,NA,NA,"B",NA,NA,NA,NA,"","R-Spahomin Cr","H-Spius Creek H","S-Nicola R","N",0,0,0,20025,0
"96","!03NOCN01120",NA,1,1,2001,2002-06-28,2002-07-18,"2FS  TOMMR0253","2FS  TOMMH0160","2FS  TOMMS0253","F","H","B","",2.83,62,"N",NA,NA,NA,NA,0,30125,NA,NA,"W",NA,NA,NA,NA,"FED FRY RELEASED FROM ACCLIMATION POND AND TO VARIOUS PARTS OF RIVER.","R-Nicola R","H-Spius Creek H","S-Nicola R","N",0,0,0,30125,0
"100","!03NOCN8616",NA,1,1,1986,1987-07-01,1987-07-28,"2FS  TOMMR0253","2FS  TOMMH0160","2FS  TOMMS0253","S","H","P","",3.9,NA,"N",NA,NA,NA,NA,0,44900,NA,NA,"",NA,NA,NA,NA,"SURPLUS FISH","R-Nicola R","H-Spius Creek H","S-Nicola R","N",0,0,0,44900,0
"102","182863",0,1,1,1996,1998-04-28,1998-04-30,"2FS  TOMMR0253","2FS  TOMMH0160","2FS  TOMMS0253","Y","H","P","",18.8,118,"N",5000,49649,NA,NA,0,21920,5000,1013,"W",0.02,1,500,NA,"YEARLING RELEASE. FED HIGH RATION. SEE 182862-LO RATION","R-Nicola R","H-Spius Creek H","S-Nicola R","N",49649,0,1013,21920,0
"103","181916",0,1,1,2003,2005-04-29,2005-05-02,"2FS  TOMMR0253","2FS  TOMMH0160","2FS  TOMMS0253","Y","H","P","",16,112,"N",5000,22733,NA,NA,0,20241,5000,68,"W",0.003,30,300,NA,"SEE ALSO 181915, 181917 & 184050-51.","R-Nicola R","H-Spius Creek H","S-Nicola R","N",22733,0,68,20241,0
"104","!03NOCN9934",NA,1,1,1999,2000-04-27,2000-04-27,"2FS  TOMMR0253","2FS  TOMMH0160","2FS  TOMMS0253","F","H","B","",3.77,69,"N",NA,NA,NA,NA,0,56077,NA,NA,"W",NA,NA,NA,NA,"","R-Nicola R","H-Spius Creek H","S-Nicola R","N",0,0,0,56077,0
"106","181642",0,1,1,1993,1995-05-08,1995-05-11,"2FS  TOMMR0253","2FS  TOMMH0160","2FS  TOMMS0253","Y","H","P","",20.7,223,"N",5000,23048,NA,NA,0,48501,5000,304,"W",0.013,1,500,NA,"YEARLING RELEASE","R-Nicola R","H-Spius Creek H","S-Nicola R","N",23048,0,304,48501,0
"107","181643",0,1,1,1993,1995-05-08,1995-05-11,"2FS  TOMMR0253","2FS  TOMMH0160","2FS  TOMMS0253","Y","H","P","",21.4,223,"N",5000,22520,NA,NA,0,47636,NA,NA,"W",NA,1,500,NA,"YEARLING RELEASE","R-Nicola R","H-Spius Creek H","S-Nicola R","N",22520,0,0,47636,0
"108","181953",0,1,1,1994,1996-05-06,1996-05-08,"2FS  TOMMR0253","2FS  TOMMH0160","2FS  TOMMS0253","Y","H","P","",17.3,117,"N",5000,49541,NA,NA,0,15803,5000,500,"W",0.01,1,500,NA,"YEARLING RELEASE","R-Nicola R","H-Spius Creek H","S-Nicola R","N",49541,0,500,15803,0
"109","025739",0,1,1,1988,1989-04-01,1989-04-17,"2FS  TOMMR0253","2FS  TOMMH0160","2FS  TOMMS0253","S","H","P","",5.5,78,"N",5000,26051,NA,NA,0,45492,5000,182,"",0.0069,1,NA,NA,"CONTROL FOR IMPRINT GROUP","R-Nicola R","H-Spius Creek H","S-Nicola R","N",26051,0,182,45492,0
"110","025740",0,1,1,1988,1989-04-01,1989-04-17,"2FS  TOMMR0253","2FS  TOMMH0160","2FS  TOMMS0253","S","H","P","",5.5,78,"N",5000,25354,NA,NA,0,44275,5000,101,"",0.004,1,NA,NA,"CONTROL FOR IMPRINT GROUP","R-Nicola R","H-Spius Creek H","S-Nicola R","N",25354,0,101,44275,0
"111","181380",12,1,1,2009,2011-04-27,2011-04-28,"2FS  TOMMR0253","2FS  TOMMH0160","2FS  TOMMS0253","Y","H","P","FR",17.92,120,"N",5000,51365,NA,NA,0,1854,5000,1317,"B",0.025,30,321,NA,"","R-Nicola R","H-Spius Creek H","S-Nicola R","N",51365,0,1317,1854,0
"113","!03NOCN9732",NA,1,1,1997,1998-05-01,1998-05-01,"2FS  TOMMR0253","2FS  TOMMH0160","2FS  TOMMS0253","S","H","P","",4.2,69,"N",NA,NA,NA,NA,0,43490,NA,NA,"W",NA,NA,NA,NA,"REL'D TO SPAHOMIN GROWOUT POND","R-Nicola R","H-Spius Creek H","S-Nicola R","N",0,0,0,43490,0
"114","180183",12,1,1,2007,2009-04-23,2009-04-23,"2FS  TOMMR0253","2FS  TOMMH0160","2FS  TOMMS0253","Y","H","P","",17.82,114,"N",5000,49226,NA,NA,5000,2051,0,222,"B",0.04,30,300,NA,"ALSO SEE TAGCODES 180184 & 180189","R-Nicola R","H-Spius Creek H","S-Nicola R","N",49226,0,2051,222,0
"115","180184",12,1,1,2007,2009-04-24,2009-04-27,"2FS  TOMMR0253","2FS  TOMMH0160","2FS  TOMMS0253","Y","H","P","",17.82,116,"N",5000,53692,NA,NA,5000,984,0,242,"B",0.018,30,300,NA,"ALSO SEE TAGCODES 180183 & 180189","R-Nicola R","H-Spius Creek H","S-Nicola R","N",53692,0,984,242,0
"116","024859",0,1,1,1988,1989-04-01,1989-04-17,"2FS  TOMMR0253","2FS  TOMMH0160","2FS  TOMMS0253","S","H","B","",5,77,"N",5000,25735,NA,NA,5000,104,NA,NA,"",0.004,1,NA,NA,"IMPRINT","R-Nicola R","H-Spius Creek H","S-Nicola R","N",25735,0,104,0,0
"118","182217",0,1,1,1999,2001-04-26,2001-04-27,"2FS  TOMMR0253","2FS  TOMMH0160","2FS  TOMMS0253","Y","H","P","",14.76,108,"N",5000,25014,NA,NA,0,14478,5000,253,"W",0.01,30,300,NA,"EXTENDED REARING. SEE ALSO 182216/18.","R-Nicola R","H-Spius Creek H","S-Nicola R","N",25014,0,253,14478,0
"119","025150",0,1,1,1987,1988-04-05,1988-05-02,"2FS  TOMMR0253","2FS  TOMMH0160","2FS  TOMMS0253","S","H","P","",5.4,67,"N",5000,26943,NA,NA,0,80132,5000,751,"W",0.0271,1,NA,NA,"TIME OF RELEASE-NORMAL SPRING","R-Nicola R","H-Spius Creek H","S-Nicola R","N",26943,0,751,80132,0
"121","181755",0,1,1,1993,1995-05-03,1995-05-15,"2FS  TOMMR0253","2FS  TOMMH0160","2FS  TOMMS0253","Y","H","B","",25.2,125,"N",5000,25125,NA,NA,5000,126,NA,NA,"",0.005,1,100,NA,"REL'D SPAHOMIN SMOLT POND- AFS","R-Nicola R","H-Spius Creek H","S-Nicola R","N",25125,0,126,0,0
"122","182731",0,1,1,1995,1997-05-01,1997-05-07,"2FS  TOMMR0253","2FS  TOMMH0160","2FS  TOMMS0253","Y","H","P","",14.4,105,"N",5000,49898,NA,NA,0,62177,5000,760,"B",0.015,1,500,NA,"FED LO RATION. SEE 182732-HI RATION","R-Nicola R","H-Spius Creek H","S-Nicola R","N",49898,0,760,62177,0
"123","024057",0,1,1,1985,1987-04-16,1987-04-21,"2FS  TOMMR0253","2FS  TOMMH0160","2FS  TOMMS0253","Y","H","B","",15.2,NA,"N",5000,29005,NA,NA,0,8413,5000,2180,"",0.0699,210,NA,NA,"TIME OF RELEASE: YEARLING; COMBINE WITH 023535","R-Nicola R","H-Spius Creek H","S-Nicola R","N",29005,0,2180,8413,0
"125","025432",0,1,1,1987,1989-03-10,1989-03-31,"2FS  TOMMR0253","2FS  TOMMH0160","2FS  TOMMS0253","Y","H","B","",18,112,"N",5000,26953,NA,NA,0,12937,5000,135,"W",0.005,1,NA,NA,"TIME OF RELEASE: YEARLING","R-Nicola R","H-Spius Creek H","S-Nicola R","N",26953,0,135,12937,0
"126","025201",0,1,1,1987,1988-04-05,1988-05-02,"2FS  TOMMR0253","2FS  TOMMH0160","2FS  TOMMS0253","S","H","P","",5.4,67,"N",5000,25738,NA,NA,0,76549,5000,103,"W",0.004,1,NA,NA,"TIME OF RELEASE-NORMAL SPRING","R-Nicola R","H-Spius Creek H","S-Nicola R","N",25738,0,103,76549,0
"128","181583",12,1,1,2009,2011-04-26,2011-04-27,"2FS  TOMMR0253","2FS  TOMMH0160","2FS  TOMMS0253","Y","H","P","FR",18.27,116,"N",5000,53677,NA,NA,0,8257,5000,817,"B",0.012,30,324,NA,"","R-Nicola R","H-Spius Creek H","S-Nicola R","N",53677,0,817,8257,0
"129","184722",12,1,1,2000,2002-04-15,2002-04-17,"2FS  TOMMR0253","2FS  TOMMH0160","2FS  TOMMS0253","Y","H","P","",14.35,108,"N",5000,24132,NA,NA,0,26581,5000,171,"B",0.007,30,300,NA,"SEE ALSO 184723 & 24. SCATTER RELEASED FROM DAM TO SUNSHINE VALLEY RD EAST.","R-Nicola R","H-Spius Creek H","S-Nicola R","N",24132,0,171,26581,0
"130","180189",12,1,1,2007,2009-04-23,2009-04-27,"2FS  TOMMR0253","2FS  TOMMH0160","2FS  TOMMS0253","Y","H","P","",17.82,115,"N",5000,40260,NA,NA,5000,407,0,182,"B",0.01,30,300,NA,"ALSO SEE TAGCODES 180183 & 180184","R-Nicola R","H-Spius Creek H","S-Nicola R","N",40260,0,407,182,0
"131","185236",12,1,1,2005,2007-04-24,2007-04-25,"2FS  TOMMR0253","2FS  TOMMH0160","2FS  TOMMS0253","Y","H","P","",16.69,112,"N",5000,26102,NA,NA,5000,1130,NA,NA,"",0.0415,30,313,NA,"RELEASE SITES: NICOLA RANCH, RIVER RANCH, NORGARDS","R-Nicola R","H-Spius Creek H","S-Nicola R","N",26102,0,1130,0,0
"132","185936",12,1,1,2006,2008-04-23,2008-04-25,"2FS  TOMMR0253","2FS  TOMMH0160","2FS  TOMMS0253","Y","H","P","",14.03,107,"N",5000,44845,NA,NA,0,2230,5000,1245,"B",0.027,30,300,NA,"ALSO SEE TAGCODES 185935 & 185926.","R-Nicola R","H-Spius Creek H","S-Nicola R","N",44845,0,1245,2230,0
"135","!03NOCN05124",NA,1,1,2005,2006-06-20,2006-06-20,"2FS  TOMMR0253","2FS  TOMMH0160","2FS  TOMMS0253","F","H","B","",2.35,59,"N",NA,NA,NA,NA,0,30000,NA,NA,"W",NA,NA,NA,NA,"RELEASED DOWNSTREAM OF SPIUS CR CONFLUENCE AT 11 SITES.","R-Nicola R","H-Spius Creek H","S-Nicola R","N",0,0,0,30000,0
"136","020739",0,1,1,1989,1991-04-08,1991-04-11,"2FS  TOMMR0253","2FS  TOMMH0160","2FS  TOMMS0253","Y","H","B","",19,117,"N",5000,23968,NA,NA,0,33570,5000,21,"W",9e-04,105,1055,NA,"TIME OF RELEASE: NORMAL 1+ SM. SEE ALSO 020738","R-Nicola R","H-Spius Creek H","S-Nicola R","N",23968,0,21,33570,0
"137","020740",0,1,1,1989,1991-03-07,1991-03-13,"2FS  TOMMR0253","2FS  TOMMH0160","2FS  TOMMS0253","Y","H","B","",18.5,116,"N",5000,25138,NA,NA,0,21526,NA,NA,"W",NA,105,1000,NA,"TIME OF RELEASE:1+ SM RELEASE 1 MONTH EARLIER THAN NORMAL. SEE ALSO 020741","R-Nicola R","H-Spius Creek H","S-Nicola R","N",25138,0,0,21526,0
"138","020741",0,1,1,1989,1991-03-07,1991-03-13,"2FS  TOMMR0253","2FS  TOMMH0160","2FS  TOMMS0253","Y","H","B","",18.5,116,"N",5000,25204,NA,NA,0,21582,NA,NA,"W",NA,105,1000,NA,"TIME OF RELEASE:1+ SM RELEASE 1 MONTH EARLIER THAN NORMAL. SEE ALSO 020740","R-Nicola R","H-Spius Creek H","S-Nicola R","N",25204,0,0,21582,0
"143","182242",0,1,1,1994,1996-05-08,1996-05-15,"2FS  TOMMR0253","2FS  TOMMH0160","2FS  TOMMS0253","Y","H","B","",17,NA,"N",5000,329,NA,NA,NA,NA,NA,NA,"",NA,NA,NA,NA,"ESTIMATED RELEASE NUMBER FROM SPAHOMIN SM POND AFTER FREEZE KILLED MOST FISH","R-Nicola R","H-Spius Creek H","S-Nicola R","N",329,0,0,0,0
"144","181930",0,1,1,2012,2014-04-25,2014-04-28,"2FS  TOMMR0253","2FS  TOMMH0160","2FS  TOMMS0253","Y","H","P","FR",14.52,109,"N",5000,2860,NA,NA,5000,52,NA,NA,"B",0.0179,205,1115,NA,"","R-Nicola R","H-Spius Creek H","S-Nicola R","N",2860,0,52,0,0
"145","181931",0,1,1,2012,2014-04-22,2014-04-23,"2FS  TOMMR0253","2FS  TOMMH0160","2FS  TOMMS0253","Y","H","P","FR",14.08,108,"N",5000,1272,NA,NA,0,172,5000,10,"B",0.0081,197,1113,NA,"","R-Nicola R","H-Spius Creek H","S-Nicola R","N",1272,0,10,172,0
"146","182399",12,1,1,2012,2014-04-25,2014-04-28,"2FS  TOMMR0253","2FS  TOMMH0160","2FS  TOMMS0253","Y","H","P","FR",14.52,109,"N",5000,52018,NA,NA,5000,948,NA,NA,"B",0.0179,205,1115,NA,"","R-Nicola R","H-Spius Creek H","S-Nicola R","N",52018,0,948,0,0
"147","183896",12,1,1,2015,2017-05-01,2017-05-03,"2FS  TOMMR0253","2FS  TOMMH0160","2FS  TOMMS0253","Y","H","P","FR",16.21,NA,"N",5000,12587,NA,NA,5000,1306,NA,NA,"B",0.094,NA,NA,NA,"","R-Nicola R","H-Spius Creek H","S-Nicola R","N",12587,0,1306,0,0
"148","183278",12,1,1,2013,2015-04-20,2015-04-21,"2FS  TOMMR0253","2FS  TOMMH0160","2FS  TOMMS0253","Y","H","B","MX",16.92,114,"N",5000,57461,NA,NA,5000,430,0,411,"W",0.0074,196,539,NA,"","R-Nicola R","H-Spius Creek H","S-Nicola R","N",57461,0,430,411,0
"149","022823",0,1,1,1984,1985-04-09,1985-04-13,"2FS  TOMMR0253","2FS  TOMMH0160","2FS  TOMMS0253","S","H","P","",5.6,NA,"N",5000,35236,NA,NA,0,9881,5000,811,"",0.0225,1,NA,NA,"CONTROL FOR IMPRINT GROUP","R-Nicola R","H-Spius Creek H","S-Nicola R","N",35236,0,811,9881,0
"152","182587",12,1,1,2015,2017-04-20,2017-04-20,"2FS  TOMMR0253","2FS  TOMMH0160","2FS  TOMMS0253","Y","H","P","FR",NA,NA,"N",5000,10178,NA,NA,5000,1057,NA,NA,"B",0.0941,NA,NA,NA,"","R-Nicola R","H-Spius Creek H","S-Nicola R","N",10178,0,1057,0,0
"153","182585",12,1,1,2015,2017-04-20,2017-04-20,"2FS  TOMMR0253","2FS  TOMMH0160","2FS  TOMMS0253","Y","H","P","FR",16.21,NA,"N",5000,20345,NA,NA,5000,2113,NA,NA,"B",0.0941,180,3316,NA,"","R-Nicola R","H-Spius Creek H","S-Nicola R","N",20345,0,2113,0,0
"154","183597",12,1,1,2014,2016-04-19,2016-04-21,"2FS  TOMMR0253","2FS  TOMMH0160","2FS  TOMMS0253","Y","H","P","FR",14.96,NA,"N",5000,56856,NA,NA,5000,964,NA,NA,"B",0.0167,190,300,NA,"","R-Nicola R","H-Spius Creek H","S-Nicola R","N",56856,0,964,0,0
"158","!03NOCN9599",NA,1,1,1995,1997-05-09,1997-05-10,"2FS  TOMMR0253","2FS  TOMMH0160","2FS  TOMMS0253","Y","H","B","",12.4,103,"N",NA,NA,NA,NA,0,31918,NA,NA,"W",NA,NA,NA,NA,"#'S ARE TRANSFER #'S TO SPAHOMIN POND FOR GROWOUT & RELEASE","R-Nicola R","H-Spius Creek H","S-Nicola R","N",0,0,0,31918,0
"159","!03NOCN1022",NA,1,1,2010,2011-06-17,2011-06-28,"2FS  TOMMR0253","2FS  TOMMH0160","2FS  TOMMS0253","F","H","P","FR",1.96,55,"N",NA,NA,NA,NA,0,54266,NA,NA,"W",NA,NA,NA,NA,"","R-Nicola R","H-Spius Creek H","S-Nicola R","N",0,0,0,54266,0
"160","184051",0,1,1,2003,2005-04-29,2005-05-02,"2FS  TOMMR0253","2FS  TOMMH0160","2FS  TOMMS0253","Y","H","P","",16,112,"N",5000,11508,NA,NA,0,10216,NA,NA,"W",NA,30,300,NA,"SEE ALSO 181915-17 & 184050.","R-Nicola R","H-Spius Creek H","S-Nicola R","N",11508,0,0,10216,0
"161","020419",0,1,1,1989,1990-05-23,1990-05-30,"2FS  TOMMR0253","2FS  TOMMH0160","2FS  TOMMS0253","S","H","B","",8.6,91,"N",5000,24817,NA,NA,0,43546,5000,251,"W",0.01,60,671,NA,"TIME OF RELEASE: LATE.RIVER AT FULL FLOOD,HIGH,FAST.SEE ALSO 020418,20","R-Nicola R","H-Spius Creek H","S-Nicola R","N",24817,0,251,43546,0
"163","!03NOCN0471",NA,1,1,2004,2005-04-18,2005-04-18,"2FS  TOMMR0253","2FS  TOMMH0160","2FS  TOMMS0253","F","H","B","",0.34,35,"N",NA,NA,NA,NA,0,3205,NA,NA,"B",NA,NA,NA,NA,"RELEASED UPSTREAM OF THE SUNSHINE VALLEY ROAD WEST BRIDGE","R-Nicola R","H-Spius Creek H","S-Nicola R","N",0,0,0,3205,0
"166","185215",12,1,1,2004,2006-04-24,2006-04-26,"2FS  TOMMR0253","2FS  TOMMH0160","2FS  TOMMS0253","Y","H","P","",15.87,112,"N",5000,27206,NA,NA,0,18707,5000,604,"W",0.0217,30,600,NA,"SEE ALSO 185216 & 185217.","R-Nicola R","H-Spius Creek H","S-Nicola R","N",27206,0,604,18707,0
"167","185216",12,1,1,2004,2006-04-24,2006-04-26,"2FS  TOMMR0253","2FS  TOMMH0160","2FS  TOMMS0253","Y","H","P","",15.87,112,"N",5000,28008,NA,NA,0,18903,5000,93,"B",0.0033,30,300,NA,"SEE ALSO 185215 & 185217.","R-Nicola R","H-Spius Creek H","S-Nicola R","N",28008,0,93,18903,0
"168","185217",12,1,1,2004,2006-04-24,2006-04-26,"2FS  TOMMR0253","2FS  TOMMH0160","2FS  TOMMS0253","Y","H","P","",15.87,112,"N",5000,28053,NA,NA,0,19192,5000,477,"B",0.0167,30,600,NA,"SEE ALSO 185215 & 185216.","R-Nicola R","H-Spius Creek H","S-Nicola R","N",28053,0,477,19192,0
"170","!03NOCN8615",NA,1,1,1986,1987-04-02,1987-04-07,"2FS  TOMMR0253","2FS  TOMMH0160","2FS  TOMMS0253","F","H","P","",2.8,NA,"N",NA,NA,NA,NA,0,87575,NA,NA,"",NA,NA,NA,NA,"","R-Nicola R","H-Spius Creek H","S-Nicola R","N",0,0,0,87575,0
"172","!03NOCN0695",NA,1,1,2006,2007-06-01,2007-06-07,"2FS  TOMMR0253","2FS  TOMMH0160","2FS  TOMMS0253","F","H","B","",1.31,49,"N",NA,NA,NA,NA,0,54428,NA,NA,"B",NA,NA,NA,NA,"","R-Nicola R","H-Spius Creek H","S-Nicola R","N",0,0,0,54428,0
"174","022820",0,1,1,1984,1985-04-09,1985-04-13,"2FS  TOMMR0253","2FS  TOMMH0160","2FS  TOMMS0253","S","H","B","",5,NA,"N",5000,35324,NA,NA,5000,822,NA,NA,"",0.0227,1,NA,NA,"IMPRINTED","R-Nicola R","H-Spius Creek H","S-Nicola R","N",35324,0,822,0,0
"175","180852",0,1,1,1992,1993-04-13,1993-04-22,"2FS  TOMMR0253","2FS  TOMMH0160","2FS  TOMMS0253","S","H","P","",5,72,"N",5000,75062,NA,NA,0,75759,5000,758,"W",0.01,1,300,NA,"TIME OF RELEASE-PRE-FRESHET.","R-Nicola R","H-Spius Creek H","S-Nicola R","N",75062,0,758,75759,0
"177","181917",0,1,1,2003,2005-04-29,2005-04-29,"2FS  TOMMR0253","2FS  TOMMH0160","2FS  TOMMS0253","Y","H","P","",16,112,"N",5000,16627,NA,NA,0,14804,5000,50,"W",0.003,30,300,NA,"SEE ALSO 181915, 181916 & 184050-51.","R-Nicola R","H-Spius Creek H","S-Nicola R","N",16627,0,50,14804,0
"179","!03NOCN0775",NA,1,1,2007,2008-05-01,2008-05-01,"2FS  TOMMR0253","2FS  TOMMH0160","2FS  TOMMS0253","E","H","B","",0.35,NA,"N",NA,NA,NA,NA,0,5447,NA,NA,"B",NA,NA,NA,NA,"RELEASED BELOW CONFLUENCE OF SPIUS CR.","R-Nicola R","H-Spius Creek H","S-Nicola R","N",0,0,0,5447,0
"183","185648",12,1,1,2010,2012-04-19,2012-04-24,"2FS  TOMMR0253","2FS  TOMMH0160","2FS  TOMMS0253","Y","H","P","FR",14.3,107,"N",5000,21273,NA,NA,0,568,5000,402,"B",0.018,NA,NA,NA,"BKD present in this release group","R-Nicola R","H-Spius Creek H","S-Nicola R","N",21273,0,402,568,0
"184","!03NOCN9348",NA,1,1,1993,1994-06-01,1994-06-08,"2FS  TOMMR0253","2FS  TOMMH0160","2FS  TOMMS0253","S","H","P","",3.9,68,"N",NA,NA,NA,NA,0,25000,NA,NA,"W",NA,NA,NA,NA,"","R-Nicola R","H-Spius Creek H","S-Nicola R","N",0,0,0,25000,0
"185","185234",12,1,1,2005,2007-04-24,2007-04-24,"2FS  TOMMR0253","2FS  TOMMH0160","2FS  TOMMS0253","Y","H","P","",15.82,112,"N",5000,29584,NA,NA,NA,NA,NA,NA,"",NA,30,233,NA,"REL.SITES: NICOLA DAM, MERRIT GOLFCOURSE, SHULUS RAILROAD BED, GAVLINS BRIDGE","R-Nicola R","H-Spius Creek H","S-Nicola R","N",29584,0,0,0,0
"186","184723",12,1,1,2000,2002-04-15,2002-04-17,"2FS  TOMMR0253","2FS  TOMMH0160","2FS  TOMMS0253","Y","H","P","",13.8,107,"N",5000,23735,NA,NA,0,26489,5000,484,"B",0.02,30,300,NA,"SEE ALSO 184722 & 24. SCATTER RELEASED FROM DAM TO SUNSHINE VALLEY RD EAST.","R-Nicola R","H-Spius Creek H","S-Nicola R","N",23735,0,484,26489,0
"192","182398",12,1,1,2012,2014-04-23,2014-04-25,"2FS  TOMMR0253","2FS  TOMMH0160","2FS  TOMMS0253","Y","H","P","FR",14.7,110,"N",5000,56178,NA,NA,5000,538,NA,NA,"B",0.0095,210,952,NA,"","R-Nicola R","H-Spius Creek H","S-Nicola R","N",56178,0,538,0,0
"198","183277",12,1,1,2013,2015-04-21,2015-04-22,"2FS  TOMMR0253","2FS  TOMMH0160","2FS  TOMMS0253","Y","H","B","MX",16.7,113,"N",5000,54517,NA,NA,5000,1056,0,562,"W",0.019,204,NA,NA,"","R-Nicola R","H-Spius Creek H","S-Nicola R","N",54517,0,1056,562,0
"203","181690",12,1,1,2013,2015-04-22,2015-04-22,"2FS  TOMMR0253","2FS  TOMMH0160","2FS  TOMMS0253","Y","H","B","MX",17.75,116,"N",5000,5693,NA,NA,0,92,5000,69,"W",0.012,209,NA,NA,"","R-Nicola R","H-Spius Creek H","S-Nicola R","N",5693,0,69,92,0
"204","182891",12,1,1,2013,2015-04-22,2015-04-22,"2FS  TOMMR0253","2FS  TOMMH0160","2FS  TOMMS0253","Y","H","B","MX",17.75,116,"N",5000,43742,NA,NA,5000,571,0,289,"W",0.0129,209,853,NA,"","R-Nicola R","H-Spius Creek H","S-Nicola R","N",43742,0,571,289,0
"207","182588",12,1,1,2015,2017-04-20,2017-04-20,"2FS  TOMMR0253","2FS  TOMMH0160","2FS  TOMMS0253","Y","H","P","FR",NA,NA,"N",5000,9740,NA,NA,5000,1012,NA,NA,"B",0.0941,NA,NA,NA,"","R-Nicola R","H-Spius Creek H","S-Nicola R","N",9740,0,1012,0,0
"208","183596",12,1,1,2014,2016-04-19,2016-04-21,"2FS  TOMMR0253","2FS  TOMMH0160","2FS  TOMMS0253","Y","H","P","FR",14.96,NA,"N",5000,55906,NA,NA,0,2589,5000,565,"B",0.01,190,300,NA,"","R-Nicola R","H-Spius Creek H","S-Nicola R","N",55906,0,565,2589,0
"212","181366",12,1,1,2011,2013-04-23,2013-04-23,"2FS  TOMMR0253","2FS  TOMMH0160","2FS  TOMMS0253","Y","H","P","FR",18.33,116,"N",5000,43727,NA,NA,5000,1101,NA,NA,"B",0.0246,195,855,NA,"","R-Nicola R","H-Spius Creek H","S-Nicola R","N",43727,0,1101,0,0
"213","180352",0,1,1,1991,1992-05-08,1992-05-11,"2FS  TOMMR0253","2FS  TOMMH0160","2FS  TOMMS0253","S","H","P","",6.5,86,"N",5000,75198,NA,NA,0,114836,5000,530,"W",0.007,30,2000,NA,"TIME OF RELEASE: EARLY. COMPARE TO 180353","R-Nicola R","H-Spius Creek H","S-Nicola R","N",75198,0,530,114836,0
"214","!03NOCN02119",NA,1,1,2002,2003-05-27,2003-05-27,"2FS  TOMMR0253","2FS  TOMMH0160","2FS  TOMMS0253","F","H","B","",1.23,47,"N",NA,NA,NA,NA,0,26827,NA,NA,"B",NA,NA,NA,NA,"RELEASED AT DOT TRESTLE.","R-Nicola R","H-Spius Creek H","S-Nicola R","N",0,0,0,26827,0
"215","!03NOCN02120",NA,1,1,2002,2003-06-18,2003-06-18,"2FS  TOMMR0253","2FS  TOMMH0160","2FS  TOMMS0253","F","H","B","",2.95,62,"N",NA,NA,NA,NA,0,20315,NA,NA,"B",NA,NA,NA,NA,"TRANSFERRED TO SPAHOMIN CR ACCLIMATION POND MAY 27TH; REL TO UPPER NICOLA.","R-Nicola R","H-Spius Creek H","S-Nicola R","N",0,0,0,20315,0
"216","185728",12,1,1,2005,2007-04-24,2007-04-25,"2FS  TOMMR0253","2FS  TOMMH0160","2FS  TOMMS0253","Y","H","P","",15.82,112,"N",5000,33436,NA,NA,0,285,5000,222,"B",0.0066,30,303,NA,"NICOLA DAM,MERRIT GOLF, SHULUS RR BED, GAVLINS BR, NICOLA&RIVER RANCH, NORGARD","R-Nicola R","H-Spius Creek H","S-Nicola R","N",33436,0,222,285,0
"217","182862",0,1,1,1996,1998-04-28,1998-04-30,"2FS  TOMMR0253","2FS  TOMMH0160","2FS  TOMMS0253","Y","H","P","",14.3,108,"N",5000,49648,NA,NA,0,64063,5000,1013,"W",0.02,1,500,NA,"YEARLING RELEASE. FED LO RATION-SEE 182863-HIGH RATION","R-Nicola R","H-Spius Creek H","S-Nicola R","N",49648,0,1013,64063,0
"218","180965",12,1,1,2008,2010-04-14,2010-04-14,"2FS  TOMMR0253","2FS  TOMMH0160","2FS  TOMMS0253","Y","H","P","",17.47,114,"N",5000,53511,NA,NA,5000,367,NA,NA,"W",0.0663,30,422,NA,"","R-Nicola R","H-Spius Creek H","S-Nicola R","N",53511,0,367,0,0
"219","180966",12,1,1,2008,2010-04-14,2010-04-14,"2FS  TOMMR0253","2FS  TOMMH0160","2FS  TOMMS0253","Y","H","P","",17.07,113,"N",5000,49256,NA,NA,5000,3468,NA,NA,"W",0.0068,30,443,NA,"","R-Nicola R","H-Spius Creek H","S-Nicola R","N",49256,0,3468,0,0
"221","180851",0,1,1,1991,1993-04-23,1993-04-28,"2FS  TOMMR0253","2FS  TOMMH0160","2FS  TOMMS0253","Y","H","P","",17,114,"N",5000,74489,NA,NA,0,139886,5000,374,"W",0.005,278,2000,NA,"TIME OF RELEASE-YEARLING","R-Nicola R","H-Spius Creek H","S-Nicola R","N",74489,0,374,139886,0
"222","181915",0,1,1,2003,2005-04-29,2005-05-02,"2FS  TOMMR0253","2FS  TOMMH0160","2FS  TOMMS0253","Y","H","P","",16,112,"N",5000,22223,NA,NA,0,19988,5000,293,"W",0.013,30,300,NA,"SEE ALSO 181916, 181917 & 184050-51.","R-Nicola R","H-Spius Creek H","S-Nicola R","N",22223,0,293,19988,0
"224","182128",0,1,1,1998,2000-04-25,2000-04-26,"2FS  TOMMR0253","2FS  TOMMH0160","2FS  TOMMS0253","Y","H","P","",20.24,120,"N",5000,21340,NA,NA,0,13191,5000,435,"W",0.02,30,300,NA,"EXTENDED REARING. SEE ALSO 182129.","R-Nicola R","H-Spius Creek H","S-Nicola R","N",21340,0,435,13191,0
"226","181091",12,1,1,2010,2012-04-19,2012-04-24,"2FS  TOMMR0253","2FS  TOMMH0160","2FS  TOMMS0253","Y","H","P","FR",14.3,107,"N",5000,26273,NA,NA,5000,444,0,361,"B",0.0166,NA,NA,NA,"BKD was present in this release group","R-Nicola R","H-Spius Creek H","S-Nicola R","N",26273,0,444,361,0
"227","181227",0,1,1,1992,1994-05-03,1994-05-06,"2FS  TOMMR0253","2FS  TOMMH0160","2FS  TOMMS0253","Y","H","P","",19.2,117,"W",5000,47150,NA,NA,0,179161,5000,476,"W",0.01,1,2000,NA,"YEARLINGS.BKD. 5075 MARKS & 19782 UNMARKS REL'D SPAHOMIN POND-AFS FUNDED.","R-Nicola R","H-Spius Creek H","S-Nicola R","N",47150,0,476,179161,0
"229","!03NOCN0853",NA,1,1,2008,2009-05-26,2009-05-26,"2FS  TOMMR0253","2FS  TOMMH0160","2FS  TOMMS0253","F","H","B","",1.61,51,"N",NA,NA,NA,NA,0,54595,NA,NA,"B",NA,NA,NA,NA,"137,605 ON HAND FOR 2010 SMOLT 1+ RELEASE.","R-Nicola R","H-Spius Creek H","S-Nicola R","N",0,0,0,54595,0
"231","185926",12,1,1,2006,2008-04-23,2008-04-25,"2FS  TOMMR0253","2FS  TOMMH0160","2FS  TOMMS0253","Y","H","P","",14.03,107,"N",5000,44970,NA,NA,0,2230,5000,455,"B",0.01,30,300,NA,"ALSO SEE TAGCODES 185936 & 185935.","R-Nicola R","H-Spius Creek H","S-Nicola R","N",44970,0,455,2230,0
"232","185935",12,1,1,2006,2008-04-23,2008-04-25,"2FS  TOMMR0253","2FS  TOMMH0160","2FS  TOMMS0253","Y","H","P","",14.03,107,"N",5000,56661,NA,NA,0,2230,NA,NA,"B",NA,30,300,NA,"ALSO SEE TAGCODES 185936 & 185926.","R-Nicola R","H-Spius Creek H","S-Nicola R","N",56661,0,0,2230,0
"235","020738",0,1,1,1989,1991-04-08,1991-04-11,"2FS  TOMMR0253","2FS  TOMMH0160","2FS  TOMMS0253","Y","H","B","",19,117,"N",5000,25114,NA,NA,0,35175,5000,28,"W",0.0011,105,1055,NA,"TIME OF RELEASE: NORMAL 1+ SM. SEE ALSO 020739","R-Nicola R","H-Spius Creek H","S-Nicola R","N",25114,0,28,35175,0
"238","020353",0,1,1,1989,1990-04-25,1990-04-26,"2FS  TOMMR0253","2FS  TOMMH0160","2FS  TOMMS0253","S","H","P","",6.2,83,"N",5000,24955,NA,NA,0,39379,5000,278,"W",0.011,1,200,NA,"TIME AND SIZE:NORMAL. SEE ALSO 020416, 020417.","R-Nicola R","H-Spius Creek H","S-Nicola R","N",24955,0,278,39379,0
"239","021555",0,1,1,1990,1991-05-03,1991-05-10,"2FS  TOMMR0253","2FS  TOMMH0160","2FS  TOMMS0253","S","H","P","",8.1,85,"N",5000,75044,NA,NA,0,55880,5000,226,"W",0.003,30,2000,NA,"TIME OF RELEASE: NORMAL SIZE & TIME AT RELEASE. SEE 021556.","R-Nicola R","H-Spius Creek H","S-Nicola R","N",75044,0,226,55880,0
"240","182732",0,1,1,1995,1997-05-01,1997-05-07,"2FS  TOMMR0253","2FS  TOMMH0160","2FS  TOMMS0253","Y","H","P","",17.5,112,"N",5000,50275,NA,NA,0,39492,5000,507,"B",0.01,1,500,NA,"FED HI RATION. SEE 182731-LO RATION GROUP","R-Nicola R","H-Spius Creek H","S-Nicola R","N",50275,0,507,39492,0
"242","020417",0,1,1,1989,1990-04-25,1990-04-26,"2FS  TOMMR0253","2FS  TOMMH0160","2FS  TOMMS0253","S","H","P","",6.2,83,"N",5000,24799,NA,NA,0,39133,5000,276,"W",0.011,1,200,NA,"TIME OF RELEASE:NORMAL.SEE ALSO 020353, 020416.","R-Nicola R","H-Spius Creek H","S-Nicola R","N",24799,0,276,39133,0
"243","020418",0,1,1,1989,1990-05-23,1990-05-30,"2FS  TOMMR0253","2FS  TOMMH0160","2FS  TOMMS0253","S","H","B","",8.6,91,"N",5000,24816,NA,NA,0,43544,5000,251,"W",0.01,60,671,NA,"TIME OF RELEASE: LATE. RIVER AT FULL FLOOD,HIGH,FAST.SEE ALSO 020419-20","R-Nicola R","H-Spius Creek H","S-Nicola R","N",24816,0,251,43544,0
"244","020420",0,1,1,1989,1990-05-23,1990-05-30,"2FS  TOMMR0253","2FS  TOMMH0160","2FS  TOMMS0253","S","H","B","",8.6,91,"N",5000,24852,NA,NA,0,43607,5000,251,"W",0.01,60,671,NA,"TIME OF RELEASE: LATE. RIVER AT FULL FLOOD,HIGH,FAST.SEE 020418-19.","R-Nicola R","H-Spius Creek H","S-Nicola R","N",24852,0,251,43607,0
"246","022821",0,1,1,1984,1985-04-09,1985-04-13,"2FS  TOMMR0253","2FS  TOMMH0160","2FS  TOMMS0253","S","H","B","",5,NA,"N",5000,32962,NA,NA,5000,678,NA,NA,"",0.0202,1,NA,NA,"IMPRINTED","R-Nicola R","H-Spius Creek H","S-Nicola R","N",32962,0,678,0,0
"247","!03NOCN8880",NA,1,1,1988,1989-04-04,1989-05-23,"2FS  TOMMR0253","2FS  TOMMH0160","2FS  TOMMS0253","S","H","P","",5.3,NA,"N",NA,NA,NA,NA,0,350042,NA,NA,"W",NA,NA,NA,NA,"","R-Nicola R","H-Spius Creek H","S-Nicola R","N",0,0,0,350042,0
"248","!03NOCN03111",NA,1,1,2003,2004-09-06,2004-09-06,"2FS  TOMMR0253","2FS  TOMMH0160","2FS  TOMMS0253","F","H","B","",1.23,49,"N",NA,NA,NA,NA,0,23032,NA,NA,"W",NA,NA,NA,NA,"RELEASED IN UPPER NICOLA R.","R-Nicola R","H-Spius Creek H","S-Nicola R","N",0,0,0,23032,0
"252","!03NOCN0046",NA,1,1,2000,2001-06-28,2001-06-29,"2FS  TOMMR0253","2FS  TOMMH0160","2FS  TOMMS0253","F","H","B","",1.83,56,"N",NA,NA,NA,NA,0,35338,NA,NA,"W",NA,NA,NA,NA,"","R-Nicola R","H-Spius Creek H","S-Nicola R","N",0,0,0,35338,0
"261","!03NOCN99105",NA,1,1,1999,2000-04-27,2000-04-27,"2FS  TOMMR6276","2FS  TOMMH0160","2FS  TOMMS0253","F","H","B","",3.38,65,"N",NA,NA,NA,NA,0,15000,NA,NA,"W",NA,NA,NA,NA,"","R-Spahomin Cr","H-Spius Creek H","S-Nicola R","N",0,0,0,15000,0
"262","183493",12,1,1,2012,2014-04-23,2014-04-28,"2FS  TOMMR0253","2FS  TOMMH0160","2FS  TOMMS0253","Y","H","P","FR",14.6,110,"N",5000,22340,NA,NA,5000,314,NA,NA,"B",0.0139,NA,NA,NA,"","R-Nicola R","H-Spius Creek H","S-Nicola R","N",22340,0,314,0,0
"264","025856",0,1,1,1988,1990-03-05,1990-03-09,"2FS  TOMMR0253","2FS  TOMMH0160","2FS  TOMMS0253","Y","H","P","",17,110,"N",5000,25381,NA,NA,0,15035,5000,128,"B",0.005,210,NA,NA,"TIME OF RELEASE: EARLY 1+ SM. SEE ALSO 025857.","R-Nicola R","H-Spius Creek H","S-Nicola R","N",25381,0,128,15035,0
"265","025857",0,1,1,1988,1990-03-05,1990-03-09,"2FS  TOMMR0253","2FS  TOMMH0160","2FS  TOMMS0253","Y","H","P","",17,110,"N",5000,25709,NA,NA,0,15035,5000,129,"B",0.005,210,NA,NA,"TIME OF RELEASE: EARLY 1+ SM. SEE ALSO 025856.","R-Nicola R","H-Spius Creek H","S-Nicola R","N",25709,0,129,15035,0
"266","025858",0,1,1,1988,1990-04-18,1990-04-19,"2FS  TOMMR0253","2FS  TOMMH0160","2FS  TOMMS0253","Y","H","P","",17,110,"N",5000,25366,NA,NA,0,18978,5000,25,"B",0.001,240,NA,NA,"TIME OF RELEASE: NORMAL 1+ SM. SEE ALSO 025859.","R-Nicola R","H-Spius Creek H","S-Nicola R","N",25366,0,25,18978,0
"267","025859",0,1,1,1988,1990-04-18,1990-04-19,"2FS  TOMMR0253","2FS  TOMMH0160","2FS  TOMMS0253","Y","H","P","",17,110,"N",5000,25368,NA,NA,0,18978,5000,25,"B",0.001,240,NA,NA,"TIME OF RELEASE: NORMAL 1+ SM. SEE ALSO 025858.","R-Nicola R","H-Spius Creek H","S-Nicola R","N",25368,0,25,18978,0
"268","182383",12,1,1,2010,2012-04-19,2012-04-24,"2FS  TOMMR0253","2FS  TOMMH0160","2FS  TOMMS0253","Y","H","P","FR",14.3,107,"N",5000,51223,NA,NA,5000,2235,0,864,"B",0.042,NA,NA,NA,"BKD present in this release group","R-Nicola R","H-Spius Creek H","S-Nicola R","N",51223,0,2235,864,0
"269","182384",12,1,1,2010,2012-04-19,2012-04-24,"2FS  TOMMR0253","2FS  TOMMH0160","2FS  TOMMS0253","Y","H","P","FR",14.3,107,"N",5000,51745,NA,NA,5000,1164,0,207,"B",0.022,NA,NA,NA,"BKD present in this release group","R-Nicola R","H-Spius Creek H","S-Nicola R","N",51745,0,1164,207,0
"275","023038",0,1,1,1984,1985-04-09,1985-04-13,"2FS  TOMMR0253","2FS  TOMMH0160","2FS  TOMMS0253","S","H","B","",5,NA,"N",5000,30830,NA,NA,5000,926,NA,NA,"",0.0292,1,NA,NA,"IMPRINTED","R-Nicola R","H-Spius Creek H","S-Nicola R","N",30830,0,926,0,0
"276","023039",0,1,1,1984,1985-04-09,1985-04-13,"2FS  TOMMR0253","2FS  TOMMH0160","2FS  TOMMS0253","S","H","P","",5.6,NA,"N",5000,27374,NA,NA,0,7771,5000,974,"",0.0344,1,NA,NA,"CONTROL FOR IMPRINT GROUP","R-Nicola R","H-Spius Creek H","S-Nicola R","N",27374,0,974,7771,0
"278","180304",0,1,1,1990,1992-03-25,1992-04-24,"2FS  TOMMR0253","2FS  TOMMH0160","2FS  TOMMS0253","Y","H","P","",20.4,118,"N",5000,24964,NA,NA,0,46855,5000,75,"W",0.003,27,666,NA,"TIME OF RELEASE: YEARLING","R-Nicola R","H-Spius Creek H","S-Nicola R","N",24964,0,75,46855,0
"279","180305",0,1,1,1990,1992-03-25,1992-04-24,"2FS  TOMMR0253","2FS  TOMMH0160","2FS  TOMMS0253","Y","H","P","",20.4,118,"N",5000,24932,NA,NA,0,46795,5000,75,"W",0.003,27,666,NA,"TIME OF RELEASE: YEARLING","R-Nicola R","H-Spius Creek H","S-Nicola R","N",24932,0,75,46795,0
"280","180306",0,1,1,1990,1992-03-25,1992-04-24,"2FS  TOMMR0253","2FS  TOMMH0160","2FS  TOMMS0253","Y","H","P","",20.4,118,"N",5000,25363,NA,NA,0,47603,5000,76,"W",0.003,27,666,NA,"TIME OF RELEASE: YEARLING","R-Nicola R","H-Spius Creek H","S-Nicola R","N",25363,0,76,47603,0
"281","024563",0,1,1,1986,1987-09-08,1987-09-15,"2FS  TOMMR0253","2FS  TOMMH0160","2FS  TOMMS0253","F","H","B","",9.6,NA,"N",5000,20913,NA,NA,0,7368,5000,426,"",0.02,1,NA,NA,"","R-Nicola R","H-Spius Creek H","S-Nicola R","N",20913,0,426,7368,0
"282","024601",0,1,1,1986,1987-09-08,1987-09-15,"2FS  TOMMR0253","2FS  TOMMH0160","2FS  TOMMS0253","F","H","B","",9.6,NA,"N",5000,25400,NA,NA,0,8949,5000,520,"",0.0201,1,NA,NA,"","R-Nicola R","H-Spius Creek H","S-Nicola R","N",25400,0,520,8949,0
"286","023310",0,1,1,1985,1986-04-08,1986-04-16,"2FS  TOMMR0253","2FS  TOMMH0160","2FS  TOMMS0253","S","H","B","",5.4,NA,"N",5000,74530,NA,NA,5000,3920,NA,NA,"",0.05,1,NA,NA,"IMPRINT","R-Nicola R","H-Spius Creek H","S-Nicola R","N",74530,0,3920,0,0
"287","023311",0,1,1,1985,1986-04-08,1986-04-16,"2FS  TOMMR0253","2FS  TOMMH0160","2FS  TOMMS0253","S","H","P","",7,NA,"N",5000,71610,NA,NA,0,124000,5000,5390,"",0.07,1,NA,NA,"CONTROL FOR IMPRINT GROUP","R-Nicola R","H-Spius Creek H","S-Nicola R","N",71610,0,5390,124000,0
"288","185237",12,1,1,2005,2007-04-25,2007-04-25,"2FS  TOMMR0253","2FS  TOMMH0160","2FS  TOMMS0253","Y","H","P","",16.69,112,"N",5000,27776,NA,NA,5000,92,NA,NA,"",0.0033,30,301,NA,"SAME RELEASE SITES AS 185236","R-Nicola R","H-Spius Creek H","S-Nicola R","N",27776,0,92,0,0
"289","185516",12,1,1,2002,2004-03-24,2004-04-22,"2FS  TOMMR0253","2FS  TOMMH0160","2FS  TOMMS0253","Y","H","P","",12.9,104,"N",5000,42198,NA,NA,0,45032,5000,865,"W",0.0201,30,600,NA,"SEE ALSO 185517. VARIETY OF RELEASE SITES.","R-Nicola R","H-Spius Creek H","S-Nicola R","N",42198,0,865,45032,0
"290","185517",12,1,1,2002,2004-03-24,2004-04-21,"2FS  TOMMR0253","2FS  TOMMH0160","2FS  TOMMS0253","Y","H","P","",12.9,105,"N",5000,46685,NA,NA,0,48113,5000,93,"W",0.002,30,600,NA,"SEE ALSO 185516. VARIETY OF RELEASE SITES.","R-Nicola R","H-Spius Creek H","S-Nicola R","N",46685,0,93,48113,0
"291","023535",0,1,1,1985,1987-04-16,1987-04-21,"2FS  TOMMR0253","2FS  TOMMH0160","2FS  TOMMS0253","Y","H","B","",15.2,NA,"N",5000,19380,NA,NA,0,5622,5000,1450,"",0.0696,210,NA,NA,"TIME OF RELEASE: YEARLING; COMBINE WITH 024057","R-Nicola R","H-Spius Creek H","S-Nicola R","N",19380,0,1450,5622,0
"293","180353",0,1,1,1991,1992-06-22,1992-06-23,"2FS  TOMMR0253","2FS  TOMMH0160","2FS  TOMMS0253","S","H","P","",6.8,85,"W",5000,75075,NA,NA,0,26673,5000,302,"B",0.004,1,300,NA,"TIME OF REL: LATE.GROUP SUFFERED STRESS + MORTS WHEN REL'D IN HI TEMP WATER","R-Nicola R","H-Spius Creek H","S-Nicola R","N",75075,0,302,26673,0
"296","184050",0,1,1,2003,2005-04-29,2005-05-02,"2FS  TOMMR0253","2FS  TOMMH0160","2FS  TOMMS0253","Y","H","P","",16,112,"N",5000,11042,NA,NA,0,9901,5000,112,"W",0.01,30,300,NA,"SEE ALSO 181915-17 & 184051.","R-Nicola R","H-Spius Creek H","S-Nicola R","N",11042,0,112,9901,0
"297","!03NOCN9683",NA,1,1,1996,1997-06-18,1997-06-19,"2FS  TOMMR0253","2FS  TOMMH0160","2FS  TOMMS0253","F","H","B","",1.7,55,"N",NA,NA,NA,NA,0,158126,NA,NA,"W",NA,NA,NA,NA,"","R-Nicola R","H-Spius Creek H","S-Nicola R","N",0,0,0,158126,0
"300","184580",12,1,1,2016,2018-05-01,2018-05-03,"2FS  TOMMR0253","2FS  TOMMH0160","2FS  TOMMS0253","Y","H","P","FR",17.5,113,"N",5000,55539,NA,NA,5000,1178,NA,NA,"B",0.0208,180,3130,NA,"","R-Nicola R","H-Spius Creek H","S-Nicola R","N",55539,0,1178,0,0
"302","!03NOCN1570",NA,1,1,2015,2016-06-14,2016-06-14,"2FS  TOMMR0253","2FS  TOMMH0160","2FS  TOMMS0253","F","H","P","FR",1.1,NA,"N",NA,NA,NA,NA,0,6626,NA,NA,"B",NA,NA,NA,NA,"","R-Nicola R","H-Spius Creek H","S-Nicola R","N",0,0,0,6626,0
"305","!03NOCN1467",NA,1,1,2014,2015-06-27,2015-06-27,"2FS  TOMMR0253","2FS  TOMMH0160","2FS  TOMMS0253","F","H","B","MX",1.6,NA,"N",NA,NA,NA,NA,0,28303,NA,NA,"B",NA,NA,NA,NA,"","R-Nicola R","H-Spius Creek H","S-Nicola R","N",0,0,0,28303,0
"306","184183",12,1,1,2015,2017-05-01,2017-05-03,"2FS  TOMMR0253","2FS  TOMMH0160","2FS  TOMMS0253","Y","H","P","FR",16.21,NA,"N",5000,51923,NA,NA,5000,5393,NA,NA,"B",0.0941,NA,NA,NA,"","R-Nicola R","H-Spius Creek H","S-Nicola R","N",51923,0,5393,0,0
"310","!03NOCN1655",NA,1,1,2016,2017-06-20,2017-06-20,"2FS  TOMMR6276","2FS  TOMMH0160","2FS  TOMMS0253","F","H","P","FR",1.88,55,"N",NA,NA,NA,NA,0,10587,NA,NA,"B",NA,NA,NA,NA,"","R-Spahomin Cr","H-Spius Creek H","S-Nicola R","N",0,0,0,10587,0
"312","183871",12,1,1,2014,2016-04-19,2016-04-21,"2FS  TOMMR0253","2FS  TOMMH0160","2FS  TOMMS0253","Y","H","P","FR",14.96,NA,"N",5000,13028,NA,NA,NA,NA,NA,NA,"B",NA,NA,NA,NA,"","R-Nicola R","H-Spius Creek H","S-Nicola R","N",13028,0,0,0,0
"313","185235",12,1,1,2005,2007-04-24,2007-04-24,"2FS  TOMMR0253","2FS  TOMMH0160","2FS  TOMMS0253","Y","H","P","",15.82,112,"N",5000,21830,NA,NA,5000,66,NA,NA,"",0.003,30,301,NA,"RELEASE SITES SAME AS 185234","R-Nicola R","H-Spius Creek H","S-Nicola R","N",21830,0,66,0,0
"315","!03NOCN1393",NA,1,1,2013,2014-05-20,2014-05-20,"2FS  TOMMR0253","2FS  TOMMH0160","2FS  TOMMS0253","F","H","P","FR",1.64,50,"N",NA,NA,NA,NA,0,17504,NA,NA,"B",NA,NA,NA,NA,"Released  because of the BKD value of the female adults.","R-Nicola R","H-Spius Creek H","S-Nicola R","N",0,0,0,17504,0
